,lead_time,mean,std,p,alpha,algorithm,x_actor_lr,x_critic_lr,x_tau,step,expected_cost,expected_diff
0,0,5.0,1.0,4.0,1.0,iddpg,6.5,5.5,4.0,0,6.13120936986536,0.4121962207511409
1,0,5.0,1.0,4.0,1.0,iddpg,6.5,5.5,4.0,1,6.136526354342078,0.41854268797785465
2,0,5.0,1.0,4.0,1.0,iddpg,6.5,5.5,4.0,2,6.090212543775408,0.41462599144517964
